{
	"width": 15,
	"height": 15,
	"player1X": 1,
	"player1Y": 0,
	"player2X": 13,
	"player2Y": 14,
	"initialHP": 2,
	"maxTurns": 100,
	"turrets": [{
		"x": 13,
		"y": 10,
		"fireTime": 2,
		"cooldownTime": 3
	},{
		"x": 1,
		"y": 4,
		"fireTime": 2,
		"cooldownTime": 3
	},{
		"x": 1,
		"y": 9,
		"fireTime": 4,
		"cooldownTime": 4
	},{
		"x": 13,
		"y": 5,
		"fireTime": 4,
		"cooldownTime": 4
	},{
		"x": 3,
		"y": 12,
		"fireTime": 3,
		"cooldownTime": 5
	},{
		"x": 11,
		"y": 2,
		"fireTime": 3,
		"cooldownTime": 5
	},{
		"x": 9,
		"y": 9,
		"fireTime": 1,
		"cooldownTime": 2
	},{
		"x": 5,
		"y": 5,
		"fireTime": 1,
		"cooldownTime": 2
	}],
	"shield": [{"x":13,"y":2},{"x":1,"y":12},{"x":7,"y":7}],
	"teleport": [{"x":12,"y":6},{"x":2,"y":8}, {"x":7,"y":4},{"x":7,"y":10}],
	"teleportPad": [{"x":0,"y":0},{"x":14,"y":14},{"x":10,"y":6},{"x":4,"y":8}],
	"laser": [{"x":4,"y":11},{"x":10,"y":3},{"x":1,"y":11},{"x":13,"y":3},{"x":3,"y":14},{"x":11,"y":0}],
	"walls": [{"x":3,"y":0},{"x":7,"y":0},{"x":10,"y":0},{"x":12,"y":0},{"x":13,"y":0},{"x":14,"y":0},{"x":0,"y":1},{"x":1,"y":1},{"x":3,"y":1},{"x":5,"y":1},{"x":12,"y":1},{"x":5,"y":2},{"x":7,"y":2},{"x":8,"y":2},{"x":9,"y":2},{"x":12,"y":2},{"x":2,"y":3},{"x":5,"y":3},{"x":9,"y":3},{"x":12,"y":3},{"x":0,"y":4},{"x":2,"y":4},{"x":5,"y":4},{"x":9,"y":4},{"x":10,"y":4},{"x":11,"y":4},{"x":12,"y":4},{"x":13,"y":4},{"x":14,"y":4},{"x":0,"y":5},{"x":1,"y":5},{"x":2,"y":5},{"x":6,"y":5},{"x":11,"y":5},{"x":5,"y":6},{"x":9,"y":6},{"x":11,"y":6},{"x":1,"y":7},{"x":2,"y":7},{"x":3,"y":7},{"x":4,"y":7},{"x":5,"y":7},{"x":9,"y":7},{"x":10,"y":7},{"x":11,"y":7},{"x":12,"y":7},{"x":13,"y":7},{"x":3,"y":8},{"x":5,"y":8},{"x":9,"y":8},{"x":3,"y":9},{"x":8,"y":9},{"x":12,"y":9},{"x":13,"y":9},{"x":14,"y":9},{"x":0,"y":10},{"x":1,"y":10},{"x":2,"y":10},{"x":3,"y":10},{"x":4,"y":10},{"x":5,"y":10},{"x":9,"y":10},{"x":12,"y":10},{"x":14,"y":10},{"x":2,"y":11},{"x":5,"y":11},{"x":9,"y":11},{"x":12,"y":11},{"x":2,"y":12},{"x":5,"y":12},{"x":6,"y":12},{"x":7,"y":12},{"x":9,"y":12},{"x":2,"y":13},{"x":9,"y":13},{"x":11,"y":13},{"x":13,"y":13},{"x":14,"y":13},{"x":0,"y":14},{"x":1,"y":14},{"x":2,"y":14},{"x":4,"y":14},{"x":7,"y":14},{"x":11,"y":14}]
	}